{"cameraMode":{"drawMode":0,"name":"Shaded","section":"Shading Mode"},"sceneLighting":true,"audioPlay":false,"sceneViewState":{"m_AlwaysRefresh":true,"showFog":true,"showSkybox":true,"showFlares":true,"showImageEffects":true,"showParticleSystems":true,"showVisualEffectGraphs":true,"m_FxEnabled":true},"in2DMode":false,"pivot":{"x":-0.4508174955844879,"y":0.37905579805374148,"z":-0.837006688117981},"rotation":{"x":0.3517097532749176,"y":0.002808447927236557,"z":-0.0010547959245741368,"w":0.9361055493354797},"size":1.3229833841323853,"orthographic":true}