{"cameraMode":{"drawMode":0,"name":"Shaded","section":"Shading Mode"},"sceneLighting":true,"audioPlay":false,"sceneViewState":{"m_AlwaysRefresh":true,"showFog":true,"showSkybox":true,"showFlares":true,"showImageEffects":true,"showParticleSystems":true,"showVisualEffectGraphs":true,"m_FxEnabled":true},"in2DMode":false,"pivot":{"x":1.1245534420013428,"y":4.841071128845215,"z":-1.3430438041687012},"rotation":{"x":0.3531056344509125,"y":0.007016877178102732,"z":-0.002648311899974942,"w":0.9355558753013611},"size":6.39308500289917,"orthographic":true}