{"cameraMode":{"drawMode":0,"name":"Shaded","section":"Shading Mode"},"sceneLighting":true,"audioPlay":false,"sceneViewState":{"m_AlwaysRefresh":true,"showFog":true,"showSkybox":true,"showFlares":true,"showImageEffects":true,"showParticleSystems":true,"showVisualEffectGraphs":true,"m_FxEnabled":true},"in2DMode":false,"pivot":{"x":-0.5505905151367188,"y":0.19067275524139405,"z":0.3740830719470978},"rotation":{"x":0.3163377344608307,"y":-0.014225753024220467,"z":0.00475508626550436,"w":0.9485422968864441},"size":3.6538004875183107,"orthographic":false}