{"cameraMode":{"drawMode":0,"name":"Shaded","section":"Shading Mode"},"sceneLighting":true,"audioPlay":false,"sceneViewState":{"m_AlwaysRefresh":true,"showFog":true,"showSkybox":true,"showFlares":true,"showImageEffects":true,"showParticleSystems":true,"showVisualEffectGraphs":true,"m_FxEnabled":true},"in2DMode":false,"pivot":{"x":-0.8231368660926819,"y":1.8039066791534424,"z":0.0796360969543457},"rotation":{"x":0.007108947262167931,"y":0.9928810596466065,"z":0.08628948032855988,"w":-0.08179821074008942},"size":2.263293981552124,"orthographic":false}