{"cameraMode":{"drawMode":0,"name":"Shaded","section":"Shading Mode"},"sceneLighting":false,"audioPlay":false,"sceneViewState":{"m_AlwaysRefresh":true,"showFog":true,"showSkybox":false,"showFlares":true,"showImageEffects":true,"showParticleSystems":true,"showVisualEffectGraphs":true,"m_FxEnabled":true},"in2DMode":false,"pivot":{"x":-0.1065019965171814,"y":1.2275294065475464,"z":-0.553564727306366},"rotation":{"x":0.0023990035988390447,"y":-0.0194986704736948,"z":0.00006162567296996713,"w":0.9998220205307007},"size":2.0165061950683595,"orthographic":false}